<?xml version="1.0" encoding="UTF-8"?>
<suppressedErrors>
  <!-- Temporal suppression. Refactoring to avoid such wrapping results in violations from Checker and inspections -->
  <error>
    <sourceFile>SarifLogger.java</sourceFile>
    <bugPattern>IdentityConversion</bugPattern>
    <description>This method invocation appears redundant; remove it or suppress this warning and add a comment explaining its purpose</description>
    <lineContent>return report.replace(VERSION_PLACEHOLDER, String.valueOf(version));</lineContent>
  </error>
</suppressedErrors>
