<?xml version="1.0" encoding="UTF-8"?>
<suppressedMutations>
  <mutation unstable="false">
    <sourceFile>JavadocCommentsLexerUtil.java</sourceFile>
    <mutatedClass>com.puppycrawl.tools.checkstyle.grammar.JavadocCommentsLexerUtil</mutatedClass>
    <mutatedMethod>&lt;init&gt;</mutatedMethod>
    <mutator>org.pitest.mutationtest.engine.gregor.mutators.ConstructorCallMutator</mutator>
    <description>removed call to java/lang/IllegalStateException::&lt;init&gt;</description>
    <lineContent>throw new IllegalStateException(&quot;Utility class&quot;);</lineContent>
  </mutation>

  <mutation unstable="false">
    <sourceFile>JavadocCommentsLexerUtil.java</sourceFile>
    <mutatedClass>com.puppycrawl.tools.checkstyle.grammar.JavadocCommentsLexerUtil</mutatedClass>
    <mutatedMethod>getUnclosedTagNameTokens</mutatedMethod>
    <mutator>org.pitest.mutationtest.engine.gregor.mutators.ConditionalsBoundaryMutator</mutator>
    <description>changed conditional boundary</description>
    <lineContent>&amp;&amp; openingTag.getTokenIndex() &lt; closingTag.getTokenIndex()) {</lineContent>
  </mutation>

  <mutation unstable="false">
    <sourceFile>JavadocCommentsLexerUtil.java</sourceFile>
    <mutatedClass>com.puppycrawl.tools.checkstyle.grammar.JavadocCommentsLexerUtil</mutatedClass>
    <mutatedMethod>getUnclosedTagNameTokens</mutatedMethod>
    <mutator>org.pitest.mutationtest.engine.gregor.mutators.NonVoidMethodCallMutator</mutator>
    <description>removed call to java/util/Deque::isEmpty</description>
    <lineContent>while (!unmatchedOpen.isEmpty()) {</lineContent>
  </mutation>

  <mutation unstable="false">
    <sourceFile>JavadocCommentsLexerUtil.java</sourceFile>
    <mutatedClass>com.puppycrawl.tools.checkstyle.grammar.JavadocCommentsLexerUtil</mutatedClass>
    <mutatedMethod>getUnclosedTagNameTokens</mutatedMethod>
    <mutator>org.pitest.mutationtest.engine.gregor.mutators.RemoveConditionalMutator_EQUAL_IF</mutator>
    <description>removed conditional - replaced equality check with true</description>
    <lineContent>while (!unmatchedOpen.isEmpty()) {</lineContent>
  </mutation>

  <mutation unstable="false">
    <sourceFile>JavadocCommentsLexerUtil.java</sourceFile>
    <mutatedClass>com.puppycrawl.tools.checkstyle.grammar.JavadocCommentsLexerUtil</mutatedClass>
    <mutatedMethod>isOpenTagName</mutatedMethod>
    <mutator>org.pitest.mutationtest.engine.gregor.mutators.RemoveConditionalMutator_EQUAL_IF</mutator>
    <description>removed conditional - replaced equality check with true</description>
    <lineContent>return previousToken == null</lineContent>
  </mutation>

  <mutation unstable="false">
    <sourceFile>JavadocCommentsParserUtil.java</sourceFile>
    <mutatedClass>com.puppycrawl.tools.checkstyle.grammar.JavadocCommentsParserUtil</mutatedClass>
    <mutatedMethod>&lt;init&gt;</mutatedMethod>
    <mutator>org.pitest.mutationtest.engine.gregor.mutators.ConstructorCallMutator</mutator>
    <description>removed call to java/lang/IllegalStateException::&lt;init&gt;</description>
    <lineContent>throw new IllegalStateException(&quot;Utility class&quot;);</lineContent>
  </mutation>

  <mutation unstable="false">
    <sourceFile>LocalizedMessage.java</sourceFile>
    <mutatedClass>com.puppycrawl.tools.checkstyle.LocalizedMessage</mutatedClass>
    <mutatedMethod>&lt;init&gt;</mutatedMethod>
    <mutator>org.pitest.mutationtest.engine.gregor.mutators.experimental.MemberVariableMutator</mutator>
    <description>Removed assignment to member variable args</description>
    <lineContent>this.args = null;</lineContent>
  </mutation>
  <mutation unstable="false">
    <sourceFile>SarifLogger.java</sourceFile>
    <mutatedClass>com.puppycrawl.tools.checkstyle.SarifLogger</mutatedClass>
    <mutatedMethod>renderSeverityLevel</mutatedMethod>
    <mutator>org.pitest.mutationtest.engine.gregor.mutators.ConstructorCallMutator</mutator>
    <description>removed call to java/lang/IncompatibleClassChangeError::&lt;init&gt;</description>
    <lineContent>return switch (severityLevel) {</lineContent>
  </mutation>

  <mutation unstable="false">
    <sourceFile>SimpleToken.java</sourceFile>
    <mutatedClass>com.puppycrawl.tools.checkstyle.grammar.SimpleToken</mutatedClass>
    <mutatedMethod>&lt;init&gt;</mutatedMethod>
    <mutator>org.pitest.mutationtest.engine.gregor.mutators.NonVoidMethodCallMutator</mutator>
    <description>removed call to org/antlr/v4/runtime/Token::getTokenIndex</description>
    <lineContent>setTokenIndex(token.getTokenIndex());</lineContent>
  </mutation>

  <mutation unstable="false">
    <sourceFile>SimpleToken.java</sourceFile>
    <mutatedClass>com.puppycrawl.tools.checkstyle.grammar.SimpleToken</mutatedClass>
    <mutatedMethod>&lt;init&gt;</mutatedMethod>
    <mutator>org.pitest.mutationtest.engine.gregor.mutators.VoidMethodCallMutator</mutator>
    <description>removed call to com/puppycrawl/tools/checkstyle/grammar/SimpleToken::setTokenIndex</description>
    <lineContent>setTokenIndex(token.getTokenIndex());</lineContent>
  </mutation>

  <mutation unstable="false">
    <sourceFile>SimpleToken.java</sourceFile>
    <mutatedClass>com.puppycrawl.tools.checkstyle.grammar.SimpleToken</mutatedClass>
    <mutatedMethod>equals</mutatedMethod>
    <mutator>org.pitest.mutationtest.engine.gregor.mutators.RemoveConditionalMutator_EQUAL_IF</mutator>
    <description>removed conditional - replaced equality check with true</description>
    <lineContent>&amp;&amp; getCharPositionInLine() == other.getCharPositionInLine()</lineContent>
  </mutation>

  <mutation unstable="false">
    <sourceFile>SimpleToken.java</sourceFile>
    <mutatedClass>com.puppycrawl.tools.checkstyle.grammar.SimpleToken</mutatedClass>
    <mutatedMethod>equals</mutatedMethod>
    <mutator>org.pitest.mutationtest.engine.gregor.mutators.RemoveConditionalMutator_EQUAL_IF</mutator>
    <description>removed conditional - replaced equality check with true</description>
    <lineContent>&amp;&amp; getLine() == other.getLine()</lineContent>
  </mutation>

  <mutation unstable="false">
    <sourceFile>SimpleToken.java</sourceFile>
    <mutatedClass>com.puppycrawl.tools.checkstyle.grammar.SimpleToken</mutatedClass>
    <mutatedMethod>equals</mutatedMethod>
    <mutator>org.pitest.mutationtest.engine.gregor.mutators.RemoveConditionalMutator_EQUAL_IF</mutator>
    <description>removed conditional - replaced equality check with true</description>
    <lineContent>&amp;&amp; getStartIndex() == other.getStartIndex()</lineContent>
  </mutation>

  <mutation unstable="false">
    <sourceFile>SimpleToken.java</sourceFile>
    <mutatedClass>com.puppycrawl.tools.checkstyle.grammar.SimpleToken</mutatedClass>
    <mutatedMethod>equals</mutatedMethod>
    <mutator>org.pitest.mutationtest.engine.gregor.mutators.RemoveConditionalMutator_EQUAL_IF</mutator>
    <description>removed conditional - replaced equality check with true</description>
    <lineContent>&amp;&amp; getStopIndex() == other.getStopIndex();</lineContent>
  </mutation>

  <mutation unstable="false">
    <sourceFile>SimpleToken.java</sourceFile>
    <mutatedClass>com.puppycrawl.tools.checkstyle.grammar.SimpleToken</mutatedClass>
    <mutatedMethod>equals</mutatedMethod>
    <mutator>org.pitest.mutationtest.engine.gregor.mutators.RemoveConditionalMutator_EQUAL_IF</mutator>
    <description>removed conditional - replaced equality check with true</description>
    <lineContent>&amp;&amp; getText().equals(other.getText())</lineContent>
  </mutation>

  <mutation unstable="false">
    <sourceFile>SimpleToken.java</sourceFile>
    <mutatedClass>com.puppycrawl.tools.checkstyle.grammar.SimpleToken</mutatedClass>
    <mutatedMethod>equals</mutatedMethod>
    <mutator>org.pitest.mutationtest.engine.gregor.mutators.RemoveConditionalMutator_EQUAL_IF</mutator>
    <description>removed conditional - replaced equality check with true</description>
    <lineContent>&amp;&amp; getTokenIndex() == other.getTokenIndex()</lineContent>
  </mutation>

  <mutation unstable="false">
    <sourceFile>SimpleToken.java</sourceFile>
    <mutatedClass>com.puppycrawl.tools.checkstyle.grammar.SimpleToken</mutatedClass>
    <mutatedMethod>equals</mutatedMethod>
    <mutator>org.pitest.mutationtest.engine.gregor.mutators.RemoveConditionalMutator_EQUAL_ELSE</mutator>
    <description>removed conditional - replaced equality check with false</description>
    <lineContent>if (getClass() != obj.getClass()) {</lineContent>
  </mutation>

  <mutation unstable="false">
    <sourceFile>SimpleToken.java</sourceFile>
    <mutatedClass>com.puppycrawl.tools.checkstyle.grammar.SimpleToken</mutatedClass>
    <mutatedMethod>equals</mutatedMethod>
    <mutator>org.pitest.mutationtest.engine.gregor.mutators.RemoveConditionalMutator_EQUAL_ELSE</mutator>
    <description>removed conditional - replaced equality check with false</description>
    <lineContent>if (obj == null) {</lineContent>
  </mutation>

  <mutation unstable="false">
    <sourceFile>SimpleToken.java</sourceFile>
    <mutatedClass>com.puppycrawl.tools.checkstyle.grammar.SimpleToken</mutatedClass>
    <mutatedMethod>equals</mutatedMethod>
    <mutator>org.pitest.mutationtest.engine.gregor.mutators.returns.BooleanTrueReturnValsMutator</mutator>
    <description>replaced boolean return with true for com/puppycrawl/tools/checkstyle/grammar/SimpleToken::equals</description>
    <lineContent>return false;</lineContent>
  </mutation>

  <mutation unstable="false">
    <sourceFile>SimpleToken.java</sourceFile>
    <mutatedClass>com.puppycrawl.tools.checkstyle.grammar.SimpleToken</mutatedClass>
    <mutatedMethod>equals</mutatedMethod>
    <mutator>org.pitest.mutationtest.engine.gregor.mutators.RemoveConditionalMutator_EQUAL_IF</mutator>
    <description>removed conditional - replaced equality check with true</description>
    <lineContent>return getType() == other.getType()</lineContent>
  </mutation>

  <mutation unstable="false">
    <sourceFile>SimpleToken.java</sourceFile>
    <mutatedClass>com.puppycrawl.tools.checkstyle.grammar.SimpleToken</mutatedClass>
    <mutatedMethod>equals</mutatedMethod>
    <mutator>org.pitest.mutationtest.engine.gregor.mutators.returns.BooleanFalseReturnValsMutator</mutator>
    <description>replaced boolean return with false for com/puppycrawl/tools/checkstyle/grammar/SimpleToken::equals</description>
    <lineContent>return true;</lineContent>
  </mutation>

  <mutation unstable="false">
    <sourceFile>SimpleToken.java</sourceFile>
    <mutatedClass>com.puppycrawl.tools.checkstyle.grammar.SimpleToken</mutatedClass>
    <mutatedMethod>hashCode</mutatedMethod>
    <mutator>org.pitest.mutationtest.engine.gregor.mutators.NonVoidMethodCallMutator</mutator>
    <description>removed call to com/puppycrawl/tools/checkstyle/grammar/SimpleToken::getCharPositionInLine</description>
    <lineContent>getCharPositionInLine(),</lineContent>
  </mutation>

  <mutation unstable="false">
    <sourceFile>SimpleToken.java</sourceFile>
    <mutatedClass>com.puppycrawl.tools.checkstyle.grammar.SimpleToken</mutatedClass>
    <mutatedMethod>hashCode</mutatedMethod>
    <mutator>org.pitest.mutationtest.engine.gregor.mutators.NonVoidMethodCallMutator</mutator>
    <description>removed call to java/lang/Integer::valueOf</description>
    <lineContent>getCharPositionInLine(),</lineContent>
  </mutation>

  <mutation unstable="false">
    <sourceFile>SimpleToken.java</sourceFile>
    <mutatedClass>com.puppycrawl.tools.checkstyle.grammar.SimpleToken</mutatedClass>
    <mutatedMethod>hashCode</mutatedMethod>
    <mutator>org.pitest.mutationtest.engine.gregor.mutators.NonVoidMethodCallMutator</mutator>
    <description>removed call to com/puppycrawl/tools/checkstyle/grammar/SimpleToken::getLine</description>
    <lineContent>getLine(),</lineContent>
  </mutation>

  <mutation unstable="false">
    <sourceFile>SimpleToken.java</sourceFile>
    <mutatedClass>com.puppycrawl.tools.checkstyle.grammar.SimpleToken</mutatedClass>
    <mutatedMethod>hashCode</mutatedMethod>
    <mutator>org.pitest.mutationtest.engine.gregor.mutators.NonVoidMethodCallMutator</mutator>
    <description>removed call to java/lang/Integer::valueOf</description>
    <lineContent>getLine(),</lineContent>
  </mutation>

  <mutation unstable="false">
    <sourceFile>SimpleToken.java</sourceFile>
    <mutatedClass>com.puppycrawl.tools.checkstyle.grammar.SimpleToken</mutatedClass>
    <mutatedMethod>hashCode</mutatedMethod>
    <mutator>org.pitest.mutationtest.engine.gregor.mutators.NonVoidMethodCallMutator</mutator>
    <description>removed call to com/puppycrawl/tools/checkstyle/grammar/SimpleToken::getStartIndex</description>
    <lineContent>getStartIndex(),</lineContent>
  </mutation>

  <mutation unstable="false">
    <sourceFile>SimpleToken.java</sourceFile>
    <mutatedClass>com.puppycrawl.tools.checkstyle.grammar.SimpleToken</mutatedClass>
    <mutatedMethod>hashCode</mutatedMethod>
    <mutator>org.pitest.mutationtest.engine.gregor.mutators.NonVoidMethodCallMutator</mutator>
    <description>removed call to java/lang/Integer::valueOf</description>
    <lineContent>getStartIndex(),</lineContent>
  </mutation>

  <mutation unstable="false">
    <sourceFile>SimpleToken.java</sourceFile>
    <mutatedClass>com.puppycrawl.tools.checkstyle.grammar.SimpleToken</mutatedClass>
    <mutatedMethod>hashCode</mutatedMethod>
    <mutator>org.pitest.mutationtest.engine.gregor.mutators.NonVoidMethodCallMutator</mutator>
    <description>removed call to com/puppycrawl/tools/checkstyle/grammar/SimpleToken::getStopIndex</description>
    <lineContent>getStopIndex()</lineContent>
  </mutation>

  <mutation unstable="false">
    <sourceFile>SimpleToken.java</sourceFile>
    <mutatedClass>com.puppycrawl.tools.checkstyle.grammar.SimpleToken</mutatedClass>
    <mutatedMethod>hashCode</mutatedMethod>
    <mutator>org.pitest.mutationtest.engine.gregor.mutators.NonVoidMethodCallMutator</mutator>
    <description>removed call to java/lang/Integer::valueOf</description>
    <lineContent>getStopIndex()</lineContent>
  </mutation>

  <mutation unstable="false">
    <sourceFile>SimpleToken.java</sourceFile>
    <mutatedClass>com.puppycrawl.tools.checkstyle.grammar.SimpleToken</mutatedClass>
    <mutatedMethod>hashCode</mutatedMethod>
    <mutator>org.pitest.mutationtest.engine.gregor.mutators.NonVoidMethodCallMutator</mutator>
    <description>removed call to com/puppycrawl/tools/checkstyle/grammar/SimpleToken::getText</description>
    <lineContent>getText(),</lineContent>
  </mutation>

  <mutation unstable="false">
    <sourceFile>SimpleToken.java</sourceFile>
    <mutatedClass>com.puppycrawl.tools.checkstyle.grammar.SimpleToken</mutatedClass>
    <mutatedMethod>hashCode</mutatedMethod>
    <mutator>org.pitest.mutationtest.engine.gregor.mutators.NonVoidMethodCallMutator</mutator>
    <description>removed call to com/puppycrawl/tools/checkstyle/grammar/SimpleToken::getTokenIndex</description>
    <lineContent>getTokenIndex(),</lineContent>
  </mutation>

  <mutation unstable="false">
    <sourceFile>SimpleToken.java</sourceFile>
    <mutatedClass>com.puppycrawl.tools.checkstyle.grammar.SimpleToken</mutatedClass>
    <mutatedMethod>hashCode</mutatedMethod>
    <mutator>org.pitest.mutationtest.engine.gregor.mutators.NonVoidMethodCallMutator</mutator>
    <description>removed call to java/lang/Integer::valueOf</description>
    <lineContent>getTokenIndex(),</lineContent>
  </mutation>

  <mutation unstable="false">
    <sourceFile>SimpleToken.java</sourceFile>
    <mutatedClass>com.puppycrawl.tools.checkstyle.grammar.SimpleToken</mutatedClass>
    <mutatedMethod>hashCode</mutatedMethod>
    <mutator>org.pitest.mutationtest.engine.gregor.mutators.NonVoidMethodCallMutator</mutator>
    <description>removed call to com/puppycrawl/tools/checkstyle/grammar/SimpleToken::getType</description>
    <lineContent>getType(),</lineContent>
  </mutation>

  <mutation unstable="false">
    <sourceFile>SimpleToken.java</sourceFile>
    <mutatedClass>com.puppycrawl.tools.checkstyle.grammar.SimpleToken</mutatedClass>
    <mutatedMethod>hashCode</mutatedMethod>
    <mutator>org.pitest.mutationtest.engine.gregor.mutators.NonVoidMethodCallMutator</mutator>
    <description>removed call to java/lang/Integer::valueOf</description>
    <lineContent>getType(),</lineContent>
  </mutation>

  <mutation unstable="false">
    <sourceFile>SimpleToken.java</sourceFile>
    <mutatedClass>com.puppycrawl.tools.checkstyle.grammar.SimpleToken</mutatedClass>
    <mutatedMethod>hashCode</mutatedMethod>
    <mutator>org.pitest.mutationtest.engine.gregor.mutators.NonVoidMethodCallMutator</mutator>
    <description>removed call to java/util/Objects::hash</description>
    <lineContent>return Objects.hash(</lineContent>
  </mutation>

  <mutation unstable="false">
    <sourceFile>SimpleToken.java</sourceFile>
    <mutatedClass>com.puppycrawl.tools.checkstyle.grammar.SimpleToken</mutatedClass>
    <mutatedMethod>hashCode</mutatedMethod>
    <mutator>org.pitest.mutationtest.engine.gregor.mutators.returns.PrimitiveReturnsMutator</mutator>
    <description>replaced int return with 0 for com/puppycrawl/tools/checkstyle/grammar/SimpleToken::hashCode</description>
    <lineContent>return Objects.hash(</lineContent>
  </mutation>
</suppressedMutations>
