<?xml version="1.0" encoding="UTF-8"?>
<suppressedMutations>
  <mutation unstable="false">
    <sourceFile>CheckstyleAntTask.java</sourceFile>
    <mutatedClass>com.puppycrawl.tools.checkstyle.ant.CheckstyleAntTask</mutatedClass>
    <mutatedMethod>createOverridingProperties</mutatedMethod>
    <mutator>org.pitest.mutationtest.engine.gregor.mutators.NonVoidMethodCallMutator</mutator>
    <description>removed call to com/puppycrawl/tools/checkstyle/ant/CheckstyleAntTask::getLocation</description>
    <lineContent>+ properties + &quot;&apos;&quot;, exc, getLocation());</lineContent>
  </mutation>

  <mutation unstable="false">
    <sourceFile>CheckstyleAntTask.java</sourceFile>
    <mutatedClass>com.puppycrawl.tools.checkstyle.ant.CheckstyleAntTask</mutatedClass>
    <mutatedMethod>createOverridingProperties</mutatedMethod>
    <mutator>org.pitest.mutationtest.engine.gregor.mutators.NonVoidMethodCallMutator</mutator>
    <description>removed call to java/util/Map$Entry::getValue</description>
    <lineContent>final String value = String.valueOf(entry.getValue());</lineContent>
  </mutation>

  <mutation unstable="false">
    <sourceFile>CheckstyleAntTask.java</sourceFile>
    <mutatedClass>com.puppycrawl.tools.checkstyle.ant.CheckstyleAntTask</mutatedClass>
    <mutatedMethod>createOverridingProperties</mutatedMethod>
    <mutator>org.pitest.mutationtest.engine.gregor.mutators.NonVoidMethodCallMutator</mutator>
    <description>removed call to java/util/Properties::setProperty</description>
    <lineContent>returnValue.setProperty(entry.getKey(), value);</lineContent>
  </mutation>

  <mutation unstable="false">
    <sourceFile>CheckstyleAntTask.java</sourceFile>
    <mutatedClass>com.puppycrawl.tools.checkstyle.ant.CheckstyleAntTask</mutatedClass>
    <mutatedMethod>createOverridingProperties</mutatedMethod>
    <mutator>org.pitest.mutationtest.engine.gregor.mutators.NonVoidMethodCallMutator</mutator>
    <description>removed call to java/lang/String::valueOf</description>
    <lineContent>throw new BuildException(&quot;Error loading Properties file &apos;&quot;</lineContent>
  </mutation>

  <mutation unstable="false">
    <sourceFile>CheckstyleAntTask.java</sourceFile>
    <mutatedClass>com.puppycrawl.tools.checkstyle.ant.CheckstyleAntTask</mutatedClass>
    <mutatedMethod>createRootModule</mutatedMethod>
    <mutator>org.pitest.mutationtest.engine.gregor.mutators.NonVoidMethodCallMutator</mutator>
    <description>removed call to java/lang/Package::getName</description>
    <lineContent>Checker.class.getPackage().getName() + &quot;.&quot;, moduleClassLoader);</lineContent>
  </mutation>

  <mutation unstable="false">
    <sourceFile>CheckstyleAntTask.java</sourceFile>
    <mutatedClass>com.puppycrawl.tools.checkstyle.ant.CheckstyleAntTask</mutatedClass>
    <mutatedMethod>execute</mutatedMethod>
    <mutator>org.pitest.mutationtest.engine.gregor.mutators.NonVoidMethodCallMutator</mutator>
    <description>removed call to java/lang/Package::getImplementationVersion</description>
    <lineContent>CheckstyleAntTask.class.getPackage().getImplementationVersion(),</lineContent>
  </mutation>

  <mutation unstable="false">
    <sourceFile>CheckstyleAntTask.java</sourceFile>
    <mutatedClass>com.puppycrawl.tools.checkstyle.ant.CheckstyleAntTask</mutatedClass>
    <mutatedMethod>execute</mutatedMethod>
    <mutator>org.pitest.mutationtest.engine.gregor.mutators.experimental.ArgumentPropagationMutator</mutator>
    <description>replaced call to java/util/Objects::toString with argument</description>
    <lineContent>final String version = Objects.toString(</lineContent>
  </mutation>

  <mutation unstable="false">
    <sourceFile>CheckstyleAntTask.java</sourceFile>
    <mutatedClass>com.puppycrawl.tools.checkstyle.ant.CheckstyleAntTask</mutatedClass>
    <mutatedMethod>getListeners</mutatedMethod>
    <mutator>org.pitest.mutationtest.engine.gregor.mutators.NonVoidMethodCallMutator</mutator>
    <description>removed call to java/util/List::size</description>
    <lineContent>final int formatterCount = Math.max(1, formatters.size());</lineContent>
  </mutation>

  <mutation unstable="false">
    <sourceFile>CheckstyleAntTask.java</sourceFile>
    <mutatedClass>com.puppycrawl.tools.checkstyle.ant.CheckstyleAntTask</mutatedClass>
    <mutatedMethod>processFiles</mutatedMethod>
    <mutator>org.pitest.mutationtest.engine.gregor.mutators.NonVoidMethodCallMutator</mutator>
    <description>removed call to java/lang/String::valueOf</description>
    <lineContent>throw new BuildException(&quot;Unable to process files: &quot; + files, exc);</lineContent>
  </mutation>

  <mutation unstable="false">
    <sourceFile>CheckstyleAntTask.java</sourceFile>
    <mutatedClass>com.puppycrawl.tools.checkstyle.ant.CheckstyleAntTask</mutatedClass>
    <mutatedMethod>retrieveAllScannedFiles</mutatedMethod>
    <mutator>org.pitest.mutationtest.engine.gregor.mutators.NonVoidMethodCallMutator</mutator>
    <description>removed call to java/lang/Integer::valueOf</description>
    <lineContent>logIndex, fileNames.length, scanner.getBasedir()), Project.MSG_VERBOSE);</lineContent>
  </mutation>

  <mutation unstable="false">
    <sourceFile>CheckstyleAntTask.java</sourceFile>
    <mutatedClass>com.puppycrawl.tools.checkstyle.ant.CheckstyleAntTask</mutatedClass>
    <mutatedMethod>scanPath</mutatedMethod>
    <mutator>org.pitest.mutationtest.engine.gregor.mutators.NonVoidMethodCallMutator</mutator>
    <description>removed call to java/lang/String::valueOf</description>
    <lineContent>log(pathIndex + &quot;) Scanning path &quot; + path, Project.MSG_VERBOSE);</lineContent>
  </mutation>
</suppressedMutations>
