<?xml version="1.0" encoding="UTF-8"?>
<suppressedErrors>
  <checkerFrameworkError unstable="false">
    <fileName>src/main/java/com/puppycrawl/tools/checkstyle/LocalizedMessage.java</fileName>
    <specifier>argument</specifier>
    <message>incompatible argument for parameter arg0 of ResourceBundle.getString.</message>
    <lineContent>final String pattern = resourceBundle.getString(key);</lineContent>
    <details>
      found   : @UnknownPropertyKey String
      required: @PropertyKey String
    </details>
  </checkerFrameworkError>

  <checkerFrameworkError unstable="false">
    <fileName>src/main/java/com/puppycrawl/tools/checkstyle/PropertiesExpander.java</fileName>
    <specifier>methodref.param</specifier>
    <message>Incompatible parameter type for arg0</message>
    <lineContent>Collectors.toUnmodifiableMap(Function.identity(), properties::getProperty));</lineContent>
    <details>
      found   : @PropertyKey String
      required: @UnknownPropertyKey String
      Consequence: method in @UnknownPropertyKey Properties
      @UnknownPropertyKey String getProperty(@UnknownPropertyKey Properties this, @PropertyKey String p0)
      is not a valid method reference for method in @UnknownPropertyKey Function&lt;@UnknownPropertyKey String, @UnknownPropertyKey String&gt;
      @UnknownPropertyKey String apply(@UnknownPropertyKey Function&lt;@UnknownPropertyKey String, @UnknownPropertyKey String&gt; this, @UnknownPropertyKey String p0)
    </details>
  </checkerFrameworkError>

  <checkerFrameworkError unstable="false">
    <fileName>src/main/java/com/puppycrawl/tools/checkstyle/PropertyCacheFile.java</fileName>
    <specifier>argument</specifier>
    <message>incompatible argument for parameter arg0 of Properties.getProperty.</message>
    <lineContent>final String cachedConfigHash = details.getProperty(CONFIG_HASH_KEY);</lineContent>
    <details>
      found   : @UnknownPropertyKey String
      required: @PropertyKey String
    </details>
  </checkerFrameworkError>

  <checkerFrameworkError unstable="false">
    <fileName>src/main/java/com/puppycrawl/tools/checkstyle/PropertyCacheFile.java</fileName>
    <specifier>argument</specifier>
    <message>incompatible argument for parameter arg0 of Properties.getProperty.</message>
    <lineContent>final String cachedHashSum = details.getProperty(location);</lineContent>
    <details>
      found   : @UnknownPropertyKey String
      required: @PropertyKey String
    </details>
  </checkerFrameworkError>

  <checkerFrameworkError unstable="false">
    <fileName>src/main/java/com/puppycrawl/tools/checkstyle/PropertyCacheFile.java</fileName>
    <specifier>argument</specifier>
    <message>incompatible argument for parameter arg0 of Properties.getProperty.</message>
    <lineContent>final String cachedHashSum = details.getProperty(resource.location);</lineContent>
    <details>
      found   : @UnknownPropertyKey String
      required: @PropertyKey String
    </details>
  </checkerFrameworkError>

  <checkerFrameworkError unstable="false">
    <fileName>src/main/java/com/puppycrawl/tools/checkstyle/PropertyCacheFile.java</fileName>
    <specifier>argument</specifier>
    <message>incompatible argument for parameter arg0 of Properties.getProperty.</message>
    <lineContent>final String lastChecked = details.getProperty(uncheckedFileName);</lineContent>
    <details>
      found   : @UnknownPropertyKey String
      required: @PropertyKey String
    </details>
  </checkerFrameworkError>

  <checkerFrameworkError unstable="false">
    <fileName>src/main/java/com/puppycrawl/tools/checkstyle/PropertyCacheFile.java</fileName>
    <specifier>argument</specifier>
    <message>incompatible argument for parameter arg0 of Properties.getProperty.</message>
    <lineContent>return details.getProperty(name);</lineContent>
    <details>
      found   : @UnknownPropertyKey String
      required: @PropertyKey String
    </details>
  </checkerFrameworkError>

  <checkerFrameworkError unstable="false">
    <fileName>src/main/java/com/puppycrawl/tools/checkstyle/PropertyCacheFile.java</fileName>
    <specifier>argument</specifier>
    <message>incompatible argument for parameter arg0 of Properties.setProperty.</message>
    <lineContent>.forEach(resource -&gt; details.setProperty(resource.location, resource.contentHashSum));</lineContent>
    <details>
      found   : @UnknownPropertyKey String
      required: @PropertyKey String
    </details>
  </checkerFrameworkError>

  <checkerFrameworkError unstable="false">
    <fileName>src/main/java/com/puppycrawl/tools/checkstyle/PropertyCacheFile.java</fileName>
    <specifier>argument</specifier>
    <message>incompatible argument for parameter arg0 of Properties.setProperty.</message>
    <lineContent>details.setProperty(CONFIG_HASH_KEY, configHash);</lineContent>
    <details>
      found   : @UnknownPropertyKey String
      required: @PropertyKey String
    </details>
  </checkerFrameworkError>

  <checkerFrameworkError unstable="false">
    <fileName>src/main/java/com/puppycrawl/tools/checkstyle/PropertyCacheFile.java</fileName>
    <specifier>argument</specifier>
    <message>incompatible argument for parameter arg0 of Properties.setProperty.</message>
    <lineContent>details.setProperty(checkedFileName, Long.toString(timestamp));</lineContent>
    <details>
      found   : @UnknownPropertyKey String
      required: @PropertyKey String
    </details>
  </checkerFrameworkError>

  <checkerFrameworkError unstable="false">
    <fileName>src/main/java/com/puppycrawl/tools/checkstyle/SarifLogger.java</fileName>
    <specifier>argument</specifier>
    <message>incompatible argument for parameter arg0 of ResourceBundle.getString.</message>
    <lineContent>result.put(key, bundle.getString(key));</lineContent>
    <details>
      found   : @UnknownPropertyKey String
      required: @PropertyKey String
    </details>
  </checkerFrameworkError>

  <checkerFrameworkError unstable="false">
    <fileName>src/main/java/com/puppycrawl/tools/checkstyle/ant/CheckstyleAntTask.java</fileName>
    <specifier>argument</specifier>
    <message>incompatible argument for parameter arg0 of Properties.setProperty.</message>
    <lineContent>returnValue.setProperty(entry.getKey(), value);</lineContent>
    <details>
      found   : @UnknownPropertyKey String
      required: @PropertyKey String
    </details>
  </checkerFrameworkError>

  <checkerFrameworkError unstable="false">
    <fileName>src/main/java/com/puppycrawl/tools/checkstyle/ant/CheckstyleAntTask.java</fileName>
    <specifier>argument</specifier>
    <message>incompatible argument for parameter arg0 of Properties.setProperty.</message>
    <lineContent>returnValue.setProperty(p.getKey(), p.getValue());</lineContent>
    <details>
      found   : @UnknownPropertyKey String
      required: @PropertyKey String
    </details>
  </checkerFrameworkError>

  <checkerFrameworkError unstable="false">
    <fileName>src/main/java/com/puppycrawl/tools/checkstyle/checks/AvoidEscapedUnicodeCharactersCheck.java</fileName>
    <specifier>argument</specifier>
    <message>incompatible argument for parameter arg0 of Pattern.compile.</message>
    <lineContent>+ &quot;|\&quot;&quot;</lineContent>
    <details>
      found   : String
      required: @Regex String
    </details>
  </checkerFrameworkError>

  <checkerFrameworkError unstable="false">
    <fileName>src/main/java/com/puppycrawl/tools/checkstyle/checks/OrderedPropertiesCheck.java</fileName>
    <specifier>argument</specifier>
    <message>incompatible argument for parameter arg0 of Pattern.compile.</message>
    <lineContent>return Pattern.compile(keyPatternString);</lineContent>
    <details>
      found   : String
      required: @Regex String
    </details>
  </checkerFrameworkError>

  <checkerFrameworkError unstable="false">
    <fileName>src/main/java/com/puppycrawl/tools/checkstyle/checks/TranslationCheck.java</fileName>
    <specifier>argument</specifier>
    <message>incompatible argument for parameter arg0 of Pattern.matches.</message>
    <lineContent>if (Pattern.matches(fileNameRegexp, currentFile.getName())) {</lineContent>
    <details>
      found   : String
      required: @Regex String
    </details>
  </checkerFrameworkError>

  <checkerFrameworkError unstable="false">
    <fileName>src/main/java/com/puppycrawl/tools/checkstyle/checks/TranslationCheck.java</fileName>
    <specifier>argument</specifier>
    <message>incompatible argument for parameter arg0 of String.replaceAll.</message>
    <lineContent>return fileName.replaceAll(removePattern, &quot;&quot;);</lineContent>
    <details>
      found   : String
      required: @Regex String
    </details>
  </checkerFrameworkError>

  <checkerFrameworkError unstable="false">
    <fileName>src/main/java/com/puppycrawl/tools/checkstyle/checks/UniquePropertiesCheck.java</fileName>
    <specifier>argument</specifier>
    <message>incompatible argument for parameter arg0 of Pattern.compile.</message>
    <lineContent>return Pattern.compile(keyPatternString);</lineContent>
    <details>
      found   : String
      required: @Regex String
    </details>
  </checkerFrameworkError>

  <checkerFrameworkError unstable="false">
    <fileName>src/main/java/com/puppycrawl/tools/checkstyle/checks/design/MutableExceptionCheck.java</fileName>
    <specifier>argument</specifier>
    <message>incompatible argument for parameter arg0 of Pattern.compile.</message>
    <lineContent>private Pattern extendedClassNameFormat = Pattern.compile(DEFAULT_FORMAT);</lineContent>
    <details>
      found   : String
      required: @Regex String
    </details>
  </checkerFrameworkError>

  <checkerFrameworkError unstable="false">
    <fileName>src/main/java/com/puppycrawl/tools/checkstyle/checks/header/MultiFileRegexpHeaderCheck.java</fileName>
    <specifier>argument</specifier>
    <message>incompatible argument for parameter arg0 of Pattern.compile.</message>
    <lineContent>Pattern.compile(input);</lineContent>
    <details>
      found   : String
      required: @Regex String
    </details>
  </checkerFrameworkError>

  <checkerFrameworkError unstable="false">
    <fileName>src/main/java/com/puppycrawl/tools/checkstyle/checks/header/MultiFileRegexpHeaderCheck.java</fileName>
    <specifier>argument</specifier>
    <message>incompatible argument for parameter arg0 of Pattern.compile.</message>
    <lineContent>result = Pattern.compile(validateRegex(line));</lineContent>
    <details>
      found   : String
      required: @Regex String
    </details>
  </checkerFrameworkError>

  <checkerFrameworkError unstable="false">
    <fileName>src/main/java/com/puppycrawl/tools/checkstyle/checks/header/RegexpHeaderCheck.java</fileName>
    <specifier>argument</specifier>
    <message>incompatible argument for parameter arg0 of Pattern.compile.</message>
    <lineContent>headerRegexps.add(Pattern.compile(line));</lineContent>
    <details>
      found   : String
      required: @Regex String
    </details>
  </checkerFrameworkError>

  <checkerFrameworkError unstable="false">
    <fileName>src/main/java/com/puppycrawl/tools/checkstyle/checks/imports/ClassImportRule.java</fileName>
    <specifier>argument</specifier>
    <message>incompatible argument for parameter arg0 of String.matches.</message>
    <lineContent>classMatch = forImport.matches(className);</lineContent>
    <details>
      found   : String
      required: @Regex String
    </details>
  </checkerFrameworkError>

  <checkerFrameworkError unstable="false">
    <fileName>src/main/java/com/puppycrawl/tools/checkstyle/checks/imports/FileImportControl.java</fileName>
    <specifier>argument</specifier>
    <message>incompatible argument for parameter arg0 of Pattern.compile.</message>
    <lineContent>return Pattern.compile(expression);</lineContent>
    <details>
      found   : String
      required: @Regex String
    </details>
  </checkerFrameworkError>

  <checkerFrameworkError unstable="false">
    <fileName>src/main/java/com/puppycrawl/tools/checkstyle/checks/imports/ImportOrderCheck.java</fileName>
    <specifier>argument</specifier>
    <message>incompatible argument for parameter arg0 of Pattern.compile.</message>
    <lineContent>grp = Pattern.compile(pkg);</lineContent>
    <details>
      found   : String
      required: @Regex String
    </details>
  </checkerFrameworkError>

  <checkerFrameworkError unstable="false">
    <fileName>src/main/java/com/puppycrawl/tools/checkstyle/checks/imports/PkgImportControl.java</fileName>
    <specifier>argument</specifier>
    <message>incompatible argument for parameter arg0 of Pattern.compile.</message>
    <lineContent>return Pattern.compile(expression + &quot;(?:\\..*)?&quot;);</lineContent>
    <details>
      found   : String
      required: @Regex String
    </details>
  </checkerFrameworkError>

  <checkerFrameworkError unstable="false">
    <fileName>src/main/java/com/puppycrawl/tools/checkstyle/checks/imports/PkgImportControl.java</fileName>
    <specifier>argument</specifier>
    <message>incompatible argument for parameter arg0 of Pattern.compile.</message>
    <lineContent>return Pattern.compile(expression);</lineContent>
    <details>
      found   : String
      required: @Regex String
    </details>
  </checkerFrameworkError>

  <checkerFrameworkError unstable="false">
    <fileName>src/main/java/com/puppycrawl/tools/checkstyle/checks/imports/PkgImportRule.java</fileName>
    <specifier>argument</specifier>
    <message>incompatible argument for parameter arg0 of String.matches.</message>
    <lineContent>pkgMatch = !forImport.matches(pkgName + &quot;\\..*\\..*&quot;);</lineContent>
    <details>
      found   : String
      required: @Regex String
    </details>
  </checkerFrameworkError>

  <checkerFrameworkError unstable="false">
    <fileName>src/main/java/com/puppycrawl/tools/checkstyle/checks/imports/PkgImportRule.java</fileName>
    <specifier>argument</specifier>
    <message>incompatible argument for parameter arg0 of String.matches.</message>
    <lineContent>pkgMatch = forImport.matches(pkgName + &quot;\\..*&quot;);</lineContent>
    <details>
      found   : String
      required: @Regex String
    </details>
  </checkerFrameworkError>

  <checkerFrameworkError unstable="false">
    <fileName>src/main/java/com/puppycrawl/tools/checkstyle/checks/imports/UnusedImportsCheck.java</fileName>
    <specifier>group.count</specifier>
    <message>invalid groups parameter 1. Only 0 groups are guaranteed to exist for matcher.</message>
    <lineContent>references.add(topLevelType(matcher.group(1)));</lineContent>
  </checkerFrameworkError>

  <checkerFrameworkError unstable="false">
    <fileName>src/main/java/com/puppycrawl/tools/checkstyle/checks/imports/UnusedImportsCheck.java</fileName>
    <specifier>group.count.unknown</specifier>
    <message>unable to verify non-literal groups parameter.</message>
    <lineContent>final String methodPart = matcher.group(methodIndex);</lineContent>
  </checkerFrameworkError>

  <checkerFrameworkError unstable="false">
    <fileName>src/main/java/com/puppycrawl/tools/checkstyle/checks/javadoc/JavadocMethodCheck.java</fileName>
    <specifier>group.count</specifier>
    <message>invalid groups parameter 1. Only 0 groups are guaranteed to exist for javadocArgMatcher.</message>
    <lineContent>tags.add(new JavadocTag(currentLine, col, javadocArgMatcher.group(1),</lineContent>
  </checkerFrameworkError>

  <checkerFrameworkError unstable="false">
    <fileName>src/main/java/com/puppycrawl/tools/checkstyle/checks/javadoc/JavadocMethodCheck.java</fileName>
    <specifier>group.count</specifier>
    <message>invalid groups parameter 1. Only 0 groups are guaranteed to exist for javadocArgMissingDescriptionMatcher.</message>
    <lineContent>javadocArgMissingDescriptionMatcher.group(1),</lineContent>
  </checkerFrameworkError>

  <checkerFrameworkError unstable="false">
    <fileName>src/main/java/com/puppycrawl/tools/checkstyle/checks/javadoc/JavadocMethodCheck.java</fileName>
    <specifier>group.count</specifier>
    <message>invalid groups parameter 1. Only 0 groups are guaranteed to exist for javadocNoargMatcher.</message>
    <lineContent>tags.add(new JavadocTag(currentLine, col, javadocNoargMatcher.group(1)));</lineContent>
  </checkerFrameworkError>

  <checkerFrameworkError unstable="false">
    <fileName>src/main/java/com/puppycrawl/tools/checkstyle/checks/javadoc/JavadocMethodCheck.java</fileName>
    <specifier>group.count</specifier>
    <message>invalid groups parameter 1. Only 0 groups are guaranteed to exist for javadocTagMatchResult.</message>
    <lineContent>int col = javadocTagMatchResult.start(1) - 1;</lineContent>
  </checkerFrameworkError>

  <checkerFrameworkError unstable="false">
    <fileName>src/main/java/com/puppycrawl/tools/checkstyle/checks/javadoc/JavadocMethodCheck.java</fileName>
    <specifier>group.count</specifier>
    <message>invalid groups parameter 1. Only 0 groups are guaranteed to exist for multilineCont.</message>
    <lineContent>final String lFin = multilineCont.group(1);</lineContent>
  </checkerFrameworkError>

  <checkerFrameworkError unstable="false">
    <fileName>src/main/java/com/puppycrawl/tools/checkstyle/checks/javadoc/JavadocMethodCheck.java</fileName>
    <specifier>group.count</specifier>
    <message>invalid groups parameter 1. Only 0 groups are guaranteed to exist for noargCurlyMatcher.</message>
    <lineContent>tags.add(new JavadocTag(currentLine, 0, noargCurlyMatcher.group(1)));</lineContent>
  </checkerFrameworkError>

  <checkerFrameworkError unstable="false">
    <fileName>src/main/java/com/puppycrawl/tools/checkstyle/checks/javadoc/JavadocMethodCheck.java</fileName>
    <specifier>group.count</specifier>
    <message>invalid groups parameter 1. Only 0 groups are guaranteed to exist for noargMultilineStart.</message>
    <lineContent>final String param1 = noargMultilineStart.group(1);</lineContent>
  </checkerFrameworkError>

  <checkerFrameworkError unstable="false">
    <fileName>src/main/java/com/puppycrawl/tools/checkstyle/checks/javadoc/JavadocMethodCheck.java</fileName>
    <specifier>group.count</specifier>
    <message>invalid groups parameter 1. Only 0 groups are guaranteed to exist for noargMultilineStart.</message>
    <lineContent>final int col = noargMultilineStart.start(1) - 1;</lineContent>
  </checkerFrameworkError>

  <checkerFrameworkError unstable="false">
    <fileName>src/main/java/com/puppycrawl/tools/checkstyle/checks/javadoc/JavadocMethodCheck.java</fileName>
    <specifier>group.count</specifier>
    <message>invalid groups parameter 2. Only 0 groups are guaranteed to exist for javadocArgMatcher.</message>
    <lineContent>javadocArgMatcher.group(2)));</lineContent>
  </checkerFrameworkError>

  <checkerFrameworkError unstable="false">
    <fileName>src/main/java/com/puppycrawl/tools/checkstyle/checks/javadoc/JavadocMethodCheck.java</fileName>
    <specifier>group.count</specifier>
    <message>invalid groups parameter 2. Only 0 groups are guaranteed to exist for javadocArgMissingDescriptionMatcher.</message>
    <lineContent>javadocArgMissingDescriptionMatcher.group(2)));</lineContent>
  </checkerFrameworkError>

  <checkerFrameworkError unstable="false">
    <fileName>src/main/java/com/puppycrawl/tools/checkstyle/checks/javadoc/JavadocStyleCheck.java</fileName>
    <specifier>methodref.receiver.bound</specifier>
    <message>Incompatible receiver type</message>
    <lineContent>.map(INLINE_RETURN_TAG_PATTERN::matcher)</lineContent>
    <details>
      found   : @Regex Pattern
      required: @PolyRegex Pattern
      Consequence: method
      @Regex Pattern
      is not a valid method reference for method in @Regex Pattern
      @PolyRegex Matcher matcher(@PolyRegex Pattern this, CharSequence p0)
    </details>
  </checkerFrameworkError>

  <checkerFrameworkError unstable="false">
    <fileName>src/main/java/com/puppycrawl/tools/checkstyle/checks/javadoc/WriteTagCheck.java</fileName>
    <specifier>group.count</specifier>
    <message>invalid groups parameter 1. Only 0 groups are guaranteed to exist for matcher.</message>
    <lineContent>final int contentStart = matcher.start(1);</lineContent>
  </checkerFrameworkError>

  <checkerFrameworkError unstable="false">
    <fileName>src/main/java/com/puppycrawl/tools/checkstyle/checks/regexp/DetectorOptions.java</fileName>
    <specifier>argument</specifier>
    <message>incompatible argument for parameter arg0 of Pattern.compile.</message>
    <lineContent>return Pattern.compile(formatValue, options);</lineContent>
    <details>
      found   : String
      required: @Regex String
    </details>
  </checkerFrameworkError>

  <checkerFrameworkError unstable="false">
    <fileName>src/main/java/com/puppycrawl/tools/checkstyle/filters/SuppressFilterElement.java</fileName>
    <specifier>argument</specifier>
    <message>incompatible argument for parameter arg0 of Pattern.compile.</message>
    <lineContent>result = Pattern.compile(regex);</lineContent>
    <details>
      found   : String
      required: @Regex String
    </details>
  </checkerFrameworkError>

  <checkerFrameworkError unstable="false">
    <fileName>src/main/java/com/puppycrawl/tools/checkstyle/filters/SuppressWithNearbyCommentFilter.java</fileName>
    <specifier>argument</specifier>
    <message>incompatible argument for parameter arg0 of Pattern.compile.</message>
    <lineContent>private Pattern commentFormat = Pattern.compile(DEFAULT_COMMENT_FORMAT);</lineContent>
    <details>
      found   : String
      required: @Regex String
    </details>
  </checkerFrameworkError>

  <checkerFrameworkError unstable="false">
    <fileName>src/main/java/com/puppycrawl/tools/checkstyle/filters/SuppressWithNearbyCommentFilter.java</fileName>
    <specifier>argument</specifier>
    <message>incompatible argument for parameter arg0 of Pattern.compile.</message>
    <lineContent>tagCheckRegexp = Pattern.compile(format);</lineContent>
    <details>
      found   : String
      required: @Regex String
    </details>
  </checkerFrameworkError>

  <checkerFrameworkError unstable="false">
    <fileName>src/main/java/com/puppycrawl/tools/checkstyle/filters/SuppressWithNearbyCommentFilter.java</fileName>
    <specifier>argument</specifier>
    <message>incompatible argument for parameter arg0 of Pattern.compile.</message>
    <lineContent>tagIdRegexp = Pattern.compile(format);</lineContent>
    <details>
      found   : String
      required: @Regex String
    </details>
  </checkerFrameworkError>

  <checkerFrameworkError unstable="false">
    <fileName>src/main/java/com/puppycrawl/tools/checkstyle/filters/SuppressWithNearbyCommentFilter.java</fileName>
    <specifier>argument</specifier>
    <message>incompatible argument for parameter arg0 of Pattern.compile.</message>
    <lineContent>tagMessageRegexp = Pattern.compile(format);</lineContent>
    <details>
      found   : String
      required: @Regex String
    </details>
  </checkerFrameworkError>

  <checkerFrameworkError unstable="false">
    <fileName>src/main/java/com/puppycrawl/tools/checkstyle/filters/SuppressWithNearbyTextFilter.java</fileName>
    <specifier>argument</specifier>
    <message>incompatible argument for parameter arg0 of Pattern.compile.</message>
    <lineContent>eventIdRegexp = Pattern.compile(format);</lineContent>
    <details>
      found   : String
      required: @Regex String
    </details>
  </checkerFrameworkError>

  <checkerFrameworkError unstable="false">
    <fileName>src/main/java/com/puppycrawl/tools/checkstyle/filters/SuppressWithNearbyTextFilter.java</fileName>
    <specifier>argument</specifier>
    <message>incompatible argument for parameter arg0 of Pattern.compile.</message>
    <lineContent>eventMessageRegexp = Pattern.compile(format);</lineContent>
    <details>
      found   : String
      required: @Regex String
    </details>
  </checkerFrameworkError>

  <checkerFrameworkError unstable="false">
    <fileName>src/main/java/com/puppycrawl/tools/checkstyle/filters/SuppressWithNearbyTextFilter.java</fileName>
    <specifier>argument</specifier>
    <message>incompatible argument for parameter arg0 of Pattern.compile.</message>
    <lineContent>eventSourceRegexp = Pattern.compile(format);</lineContent>
    <details>
      found   : String
      required: @Regex String
    </details>
  </checkerFrameworkError>

  <checkerFrameworkError unstable="false">
    <fileName>src/main/java/com/puppycrawl/tools/checkstyle/filters/SuppressWithNearbyTextFilter.java</fileName>
    <specifier>argument</specifier>
    <message>incompatible argument for parameter arg0 of Pattern.compile.</message>
    <lineContent>private Pattern nearbyTextPattern = Pattern.compile(DEFAULT_NEARBY_TEXT_PATTERN);</lineContent>
    <details>
      found   : String
      required: @Regex String
    </details>
  </checkerFrameworkError>

  <checkerFrameworkError unstable="false">
    <fileName>src/main/java/com/puppycrawl/tools/checkstyle/filters/SuppressWithPlainTextCommentFilter.java</fileName>
    <specifier>argument</specifier>
    <message>incompatible argument for parameter arg0 of Pattern.compile.</message>
    <lineContent>eventIdRegexp = Pattern.compile(format);</lineContent>
    <details>
      found   : String
      required: @Regex String
    </details>
  </checkerFrameworkError>

  <checkerFrameworkError unstable="false">
    <fileName>src/main/java/com/puppycrawl/tools/checkstyle/filters/SuppressWithPlainTextCommentFilter.java</fileName>
    <specifier>argument</specifier>
    <message>incompatible argument for parameter arg0 of Pattern.compile.</message>
    <lineContent>eventMessageRegexp = Pattern.compile(format);</lineContent>
    <details>
      found   : String
      required: @Regex String
    </details>
  </checkerFrameworkError>

  <checkerFrameworkError unstable="false">
    <fileName>src/main/java/com/puppycrawl/tools/checkstyle/filters/SuppressWithPlainTextCommentFilter.java</fileName>
    <specifier>argument</specifier>
    <message>incompatible argument for parameter arg0 of Pattern.compile.</message>
    <lineContent>eventSourceRegexp = Pattern.compile(format);</lineContent>
    <details>
      found   : String
      required: @Regex String
    </details>
  </checkerFrameworkError>

  <checkerFrameworkError unstable="false">
    <fileName>src/main/java/com/puppycrawl/tools/checkstyle/filters/SuppressionCommentFilter.java</fileName>
    <specifier>argument</specifier>
    <message>incompatible argument for parameter arg0 of Pattern.compile.</message>
    <lineContent>private Pattern offCommentFormat = Pattern.compile(DEFAULT_OFF_FORMAT);</lineContent>
    <details>
      found   : String
      required: @Regex String
    </details>
  </checkerFrameworkError>

  <checkerFrameworkError unstable="false">
    <fileName>src/main/java/com/puppycrawl/tools/checkstyle/filters/SuppressionCommentFilter.java</fileName>
    <specifier>argument</specifier>
    <message>incompatible argument for parameter arg0 of Pattern.compile.</message>
    <lineContent>private Pattern onCommentFormat = Pattern.compile(DEFAULT_ON_FORMAT);</lineContent>
    <details>
      found   : String
      required: @Regex String
    </details>
  </checkerFrameworkError>

  <checkerFrameworkError unstable="false">
    <fileName>src/main/java/com/puppycrawl/tools/checkstyle/filters/SuppressionCommentFilter.java</fileName>
    <specifier>argument</specifier>
    <message>incompatible argument for parameter arg0 of Pattern.compile.</message>
    <lineContent>tagCheckRegexp = Pattern.compile(format);</lineContent>
    <details>
      found   : String
      required: @Regex String
    </details>
  </checkerFrameworkError>

  <checkerFrameworkError unstable="false">
    <fileName>src/main/java/com/puppycrawl/tools/checkstyle/filters/SuppressionCommentFilter.java</fileName>
    <specifier>argument</specifier>
    <message>incompatible argument for parameter arg0 of Pattern.compile.</message>
    <lineContent>tagIdRegexp = Pattern.compile(format);</lineContent>
    <details>
      found   : String
      required: @Regex String
    </details>
  </checkerFrameworkError>

  <checkerFrameworkError unstable="false">
    <fileName>src/main/java/com/puppycrawl/tools/checkstyle/filters/SuppressionCommentFilter.java</fileName>
    <specifier>argument</specifier>
    <message>incompatible argument for parameter arg0 of Pattern.compile.</message>
    <lineContent>tagMessageRegexp = Pattern.compile(format);</lineContent>
    <details>
      found   : String
      required: @Regex String
    </details>
  </checkerFrameworkError>

  <checkerFrameworkError unstable="false">
    <fileName>src/main/java/com/puppycrawl/tools/checkstyle/filters/SuppressionSingleFilter.java</fileName>
    <specifier>argument</specifier>
    <message>incompatible argument for parameter arg0 of Pattern.compile.</message>
    <lineContent>this.checks = Pattern.compile(checks);</lineContent>
    <details>
      found   : String
      required: @Regex String
    </details>
  </checkerFrameworkError>

  <checkerFrameworkError unstable="false">
    <fileName>src/main/java/com/puppycrawl/tools/checkstyle/filters/SuppressionXpathSingleFilter.java</fileName>
    <specifier>argument</specifier>
    <message>incompatible argument for parameter arg0 of Pattern.compile.</message>
    <lineContent>this.checks = Pattern.compile(checks);</lineContent>
    <details>
      found   : String
      required: @Regex String
    </details>
  </checkerFrameworkError>

  <checkerFrameworkError unstable="false">
    <fileName>src/main/java/com/puppycrawl/tools/checkstyle/filters/SuppressionXpathSingleFilter.java</fileName>
    <specifier>argument</specifier>
    <message>incompatible argument for parameter arg0 of Pattern.compile.</message>
    <lineContent>this.files = Pattern.compile(files);</lineContent>
    <details>
      found   : String
      required: @Regex String
    </details>
  </checkerFrameworkError>

  <checkerFrameworkError unstable="false">
    <fileName>src/main/java/com/puppycrawl/tools/checkstyle/filters/SuppressionXpathSingleFilter.java</fileName>
    <specifier>argument</specifier>
    <message>incompatible argument for parameter arg0 of Pattern.compile.</message>
    <lineContent>this.message = Pattern.compile(message);</lineContent>
    <details>
      found   : String
      required: @Regex String
    </details>
  </checkerFrameworkError>

  <checkerFrameworkError unstable="false">
    <fileName>src/main/java/com/puppycrawl/tools/checkstyle/filters/XpathFilterElement.java</fileName>
    <specifier>methodref.param</specifier>
    <message>Incompatible parameter type for arg0</message>
    <lineContent>Optional.ofNullable(message).map(Pattern::compile).orElse(null),</lineContent>
    <details>
      found   : @Regex String
      required: String
      Consequence: method in Pattern
      Pattern compile(@Regex String p0)
      is not a valid method reference for method in Function&lt;String, Pattern&gt;
      Pattern apply(Function&lt;String, Pattern&gt; this, String p0)
    </details>
  </checkerFrameworkError>

  <checkerFrameworkError unstable="false">
    <fileName>src/main/java/com/puppycrawl/tools/checkstyle/filters/XpathFilterElement.java</fileName>
    <specifier>methodref.param</specifier>
    <message>Incompatible parameter type for arg0</message>
    <lineContent>this(Optional.ofNullable(files).map(Pattern::compile).orElse(null),</lineContent>
    <details>
      found   : @Regex String
      required: String
      Consequence: method in Pattern
      Pattern compile(@Regex String p0)
      is not a valid method reference for method in Function&lt;String, Pattern&gt;
      Pattern apply(Function&lt;String, Pattern&gt; this, String p0)
    </details>
  </checkerFrameworkError>

  <checkerFrameworkError unstable="false">
    <fileName>src/main/java/com/puppycrawl/tools/checkstyle/meta/JavadocMetadataScraperUtil.java</fileName>
    <specifier>methodref.receiver.bound</specifier>
    <message>Incompatible receiver type</message>
    <lineContent>.map(pattern::matcher)</lineContent>
    <details>
      found   : Pattern
      required: @PolyRegex Pattern
      Consequence: method
      Pattern
      is not a valid method reference for method in Pattern
      @PolyRegex Matcher matcher(@PolyRegex Pattern this, CharSequence p0)
    </details>
  </checkerFrameworkError>

  <checkerFrameworkError unstable="false">
    <fileName>src/main/java/com/puppycrawl/tools/checkstyle/site/ModuleJavadocParsingUtil.java</fileName>
    <specifier>argument</specifier>
    <message>incompatible argument for parameter arg0 of String.split.</message>
    <lineContent>.replace(&quot;\r&quot;, &quot;&quot;));</lineContent>
    <details>
      found   : String
      required: @Regex String
    </details>
  </checkerFrameworkError>

  <checkerFrameworkError unstable="false">
    <fileName>src/main/java/com/puppycrawl/tools/checkstyle/site/SiteUtil.java</fileName>
    <specifier>argument</specifier>
    <message>incompatible argument for parameter arg0 of String.matches.</message>
    <lineContent>.filter(path -&gt; path.toString().matches(fileNamePattern))</lineContent>
    <details>
      found   : String
      required: @Regex String
    </details>
  </checkerFrameworkError>

  <checkerFrameworkError unstable="false">
    <fileName>src/main/java/com/puppycrawl/tools/checkstyle/utils/ChainedPropertyUtil.java</fileName>
    <specifier>argument</specifier>
    <message>incompatible argument for parameter arg0 of Properties.getProperty.</message>
    <lineContent>String propertyValue = properties.getProperty(propertyName);</lineContent>
    <details>
      found   : @UnknownPropertyKey String
      required: @PropertyKey String
    </details>
  </checkerFrameworkError>

  <checkerFrameworkError unstable="false">
    <fileName>src/main/java/com/puppycrawl/tools/checkstyle/utils/ChainedPropertyUtil.java</fileName>
    <specifier>argument</specifier>
    <message>incompatible argument for parameter arg0 of Properties.getProperty.</message>
    <lineContent>properties.getProperty(unresolvedPropertyName);</lineContent>
    <details>
      found   : @UnknownPropertyKey String
      required: @PropertyKey String
    </details>
  </checkerFrameworkError>

  <checkerFrameworkError unstable="false">
    <fileName>src/main/java/com/puppycrawl/tools/checkstyle/utils/ChainedPropertyUtil.java</fileName>
    <specifier>argument</specifier>
    <message>incompatible argument for parameter arg0 of Properties.setProperty.</message>
    <lineContent>properties.setProperty(propertyName, propertyValue);</lineContent>
    <details>
      found   : @UnknownPropertyKey String
      required: @PropertyKey String
    </details>
  </checkerFrameworkError>

  <checkerFrameworkError unstable="false">
    <fileName>src/main/java/com/puppycrawl/tools/checkstyle/utils/CommonUtil.java</fileName>
    <specifier>argument</specifier>
    <message>incompatible argument for parameter arg0 of Pattern.compile.</message>
    <lineContent>Pattern.compile(pattern);</lineContent>
    <details>
      found   : String
      required: @Regex String
    </details>
  </checkerFrameworkError>

  <checkerFrameworkError unstable="false">
    <fileName>src/main/java/com/puppycrawl/tools/checkstyle/utils/CommonUtil.java</fileName>
    <specifier>argument</specifier>
    <message>incompatible argument for parameter arg0 of Pattern.compile.</message>
    <lineContent>return Pattern.compile(pattern, flags);</lineContent>
    <details>
      found   : String
      required: @Regex String
    </details>
  </checkerFrameworkError>

  <checkerFrameworkError unstable="false">
    <fileName>src/main/java/com/puppycrawl/tools/checkstyle/utils/CommonUtil.java</fileName>
    <specifier>argument</specifier>
    <message>incompatible argument for parameter arg0 of String.replaceAll.</message>
    <lineContent>result = result.replaceAll(&quot;\\$&quot; + i, matcher.group(i));</lineContent>
    <details>
      found   : String
      required: @Regex String
    </details>
  </checkerFrameworkError>

  <checkerFrameworkError unstable="false">
    <fileName>src/main/java/com/puppycrawl/tools/checkstyle/utils/CommonUtil.java</fileName>
    <specifier>group.count.unknown</specifier>
    <message>unable to verify non-literal groups parameter.</message>
    <lineContent>result = result.replaceAll(&quot;\\$&quot; + i, matcher.group(i));</lineContent>
  </checkerFrameworkError>

  <checkerFrameworkError unstable="false">
    <fileName>src/main/java/com/puppycrawl/tools/checkstyle/utils/TokenUtil.java</fileName>
    <specifier>argument</specifier>
    <message>incompatible argument for parameter arg0 of ResourceBundle.getString.</message>
    <lineContent>return bundle.getString(name);</lineContent>
    <details>
      found   : @UnknownPropertyKey String
      required: @PropertyKey String
    </details>
  </checkerFrameworkError>
</suppressedErrors>
