<?xml version="1.0"?>

<!DOCTYPE suppressions PUBLIC
        "-//Checkstyle//DTD SuppressionFilter Configuration 1.1//EN"
        "https://checkstyle.org/dtds/suppressions_1_1.dtd">

<suppressions>

  <!-- private class used to show violation on it -->
  <suppress id="exampleClassName"
    files="regexp[\\/]Example4.java"/>
  
  <!-- The files have no exampleClassName by design. -->
  <suppress id="exampleClassName"
    files="outertypefilename[\\/]Example3.java"/>
  <suppress id="exampleClassName"
    files="outertypefilename[\\/]Example4.java"/>
  <suppress id="exampleClassName"
    files="unnecessarysemicoloninenumeration[\\/]Example1.java"/>
  <suppress id="exampleClassName"
    files="unnecessarysemicoloninenumeration[\\/]Example2.java"/>

  <!-- The file is used so examples can show how overridden methods are treated. -->
  <suppress id="exampleClassName"
    files="abbreviationaswordinname[\\/]SuperClass.java"/>
  <suppress id="exampleFileName"
    files="abbreviationaswordinname[\\/]SuperClass.java"/>
  <suppress id="xdocStartComment"
    files="abbreviationaswordinname[\\/]SuperClass.java"/>
  <suppress id="xdocEndComment"
    files="abbreviationaswordinname[\\/]SuperClass.java"/>
  <suppress id="exampleFileXmlConfigPresence"
    files="abbreviationaswordinname[\\/]SuperClass.java"/>

  <!-- non class example files -->
  <suppress id="exampleFileName" files="package-info.java"/>
  <suppress id="exampleClassName" files="package-info.java"/>

  <!-- files used to demonstrate violations on naming -->
  <suppress id="exampleFileName"
            files="beforeexecutionexclusionfilefilter[\\/]test.*"/>
  <suppress id="exampleClassName"
            files="beforeexecutionexclusionfilefilter[\\/]test.*"/>
  <suppress id="xdocStartComment"
            files="beforeexecutionexclusionfilefilter[\\/]test.*"/>
  <suppress id="xdocEndComment"
            files="beforeexecutionexclusionfilefilter[\\/]test.*"/>
  <suppress id="exampleFileXmlConfigPresence"
            files="beforeexecutionexclusionfilefilter[\\/]test.*"/>

    <!-- files used to demonstrate violations on xpath single filters -->
  <suppress id="exampleFileName"
            files="suppressionxpathsinglefilter[\\/]src.*"/>
  <suppress id="exampleClassName"
            files="suppressionxpathsinglefilter[\\/]src.*"/>
  <suppress id="xdocStartComment"
            files="suppressionxpathsinglefilter[\\/]src.*"/>
  <suppress id="xdocEndComment"
            files="suppressionxpathsinglefilter[\\/]src.*"/>
  <suppress id="exampleFileXmlConfigPresence"
            files="suppressionxpathsinglefilter[\\/]src.*"/>

  <!-- Check deals with tab characters. -->
  <suppress checks="FileTabCharacter|Indentation"
    files="filetabcharacter[\\/]Example\d+.java"/>
  <!-- Needs more compact view of the file -->
  <suppress checks="Indentation"
    files="returncount[\\/]Example\d+.java"/>

  <!-- Example deals with line wrapping and check does not take that into account.  -->
  <suppress id="exampleClassName"
    files="nolinewrap[\\/]Example5.java"/>
  <!-- until https://github.com/checkstyle/checkstyle/issues/2629 -->
  <suppress checks="Indent"
    files="nolinewrap[\\/]Example5.java"/>

  <!-- Check applies to resources-noncompilable files.  -->
  <suppress id="presenceOfCompilationComment" files="resources[\\/].*"/>

  <!-- Suppress for files which are part of a non-compilable example fileset -->
  <suppress id="presenceOfCompilationComment"
            files="beforeexecutionexclusionfilefilter[\\/].*"/>

  <!-- Without showing symbol, user can get confused which one we are referring to -->
  <suppress id="discouragedRegexpInViolationMessage"
    files="operatorwrap[\\/]Example1.java"/>
  <suppress id="discouragedRegexpInViolationMessage"
    files="operatorwrap[\\/]Example2.java"/>
  <!-- it prints user regexp -->
  <suppress id="discouragedRegexpInViolationMessage"
            files="regexponfilename[\\/]Example[24].*"/>

  <!-- Suppress forbidden regex messages for avoidstarimport examples -->
  <suppress id="forbiddenRegexpInViolationMessage"
    files="avoidstarimport[\\/]Example[1-6].java"/>

  <suppress checks="CommentsIndentation"
    files="singlespaceseparator[\\/]Example2.java"/>

  <!-- violation required by to show behavior of Check -->
  <suppress checks="CommentsIndentation"
    files="commentsindentation[\\/]Example[1-9].java"/>

  <!-- violation required by to show behavior of Check -->
  <suppress checks="Indentation"
    files="indentation[\\/]Example[1-5].java"/>

  <!-- violation required by to show behavior of Check -->
  <suppress checks="FileLength"
    files="cyclomaticcomplexity[\\/]Example\d+.*"/>

  <!-- violation required by to show behavior of Check -->
  <suppress checks="FileLength"
    files="javadocmethod[\\/]Example7.java"/>

  <suppress checks="FileLength"
    files="descendanttoken[\\/]Example[1-3].java"/>

  <!-- Examples contains important violations that need to be shown -->
  <suppress checks="FileLength"
    files="illegaltype[\\/]Example\d+.*"/>

  <!-- Example contains important violations that need to be shown -->
  <suppress checks="FileLength"
    files="whitespaceafter[\\/]Example1.java"/>

  <!-- Examples contains important violations that need to be shown -->
  <suppress checks="FileLength"
    files="javadocparagraph[\\/]Example1.java"/>
  <suppress checks="FileLength"
    files="javadocparagraph[\\/]Example2.java"/>

  <!-- Examples need spacing to be more readable -->
  <suppress checks="FileLength"
    files="visibilitymodifier[\\/]Example\d+.java"/>

  <!-- No new line by design to show violation -->
  <suppress checks="NewlineAtEndOfFile"
    files="newlineatendoffile[\\/]Example\d+.*"/>

  <!-- We need to maintain indentation on xml part -->
  <suppress checks="LineLength"
    files="annotation[\\/]suppresswarningsholder[\\/]Example2.java"/>

  <!-- Example must show line length violations and filtered violations -->
  <suppress checks="LineLength"
    files="suppresswithplaintextcommentfilter[\\/]Example9.java"/>
  <suppress checks="LineLength"
    files="linelength[\\/]Example\d+.*"/>
  <!-- it prints user regexp -->
  <suppress checks="LineLength"
            files="regexponfilename[\\/]Example[2].java"/>
  <!-- we need to show whole user defined message -->
  <suppress checks="LineLength"
            files="regexponfilename[\\/]Example[14].java"/>

  <!-- Example needs to exclude fully qualified name longer than 85 characters  -->
  <suppress checks="LineLength" files="classdataabstractioncoupling[\\/]Example11.java"/>

  <!-- Example needs to have really long regex format properly shown in config  -->
  <suppress checks="LineLength" files="illegalidentifiername[\\/]Example[2].java"/>

  <!-- Example must show PackageDeclaration violations -->
  <suppress checks="PackageDeclaration"
    files="packagedeclaration[\\/]Example\d+.*"/>

</suppressions>
