<?xml version="1.0"?>
<ruleset name="PMD ruleset for Checkstyle"
        xmlns="http://pmd.sourceforge.net/ruleset/2.0.0"
        xmlns:xsi="http://www.w3.org/2001/XMLSchema-instance"
        xsi:schemaLocation="http://pmd.sourceforge.net/ruleset/2.0.0
                            http://pmd.sourceforge.net/ruleset_2_0_0.xsd">
  <description>
    PMD common ruleset for Checkstyle main/test sourcesets
  </description>

  <rule ref="category/java/bestpractices.xml">
    <!-- until https://github.com/pmd/pmd/issues/5514 -->
    <exclude name="ExhaustiveSwitchHasDefault"/>
  </rule>
  <rule ref="category/java/bestpractices.xml/UnusedLocalVariable">
    <properties>
      <!-- until https://github.com/checkstyle/checkstyle/issues/14870 -->
      <property name="violationSuppressXPath"
                value="//ClassDeclaration[@SimpleName='FilterUtil']
                        //MethodDeclaration[@Name='isFileExists']
                | //ClassDeclaration[@SimpleName='TreeWalkerTest']
                        //MethodDeclaration[@Name='testNoAuditEventsWithoutFilters']
                | //ClassDeclaration[@SimpleName='OrderedPropertiesCheckTest']
                        //MethodDeclaration[@Name='getFileNotFoundDetail']
                | //ClassDeclaration[@SimpleName='UniquePropertiesCheckTest']
                        //MethodDeclaration[@Name='getFileNotFoundDetail']
                | //ClassDeclaration[@SimpleName='HeaderCheckTest']
                        //MethodDeclaration[@Name='testIoExceptionWhenLoadingHeader']
                | //ClassDeclaration[@SimpleName='CustomImportOrderCheckTest']
                        //MethodDeclaration[@Name='testGetFullImportIdent']
               | //ClassDeclaration[@SimpleName='MainFrameTest']
                        //MethodDeclaration[@Name='testOpenFileButton']
               | //ClassDeclaration[@SimpleName='ConfigurationLoaderTest']
                        //MethodDeclaration[@Name='testConfigWithIgnoreExceptionalAttributes']"/>
    </properties>
  </rule>
  <rule ref="category/java/bestpractices.xml/AvoidPrintStackTrace">
    <properties>
      <!-- It is ok to use print stack trace in CLI class. -->
      <property name="violationSuppressXPath" value="//ClassDeclaration[
        @SimpleName='Main']"/>
    </properties>
  </rule>
  <rule ref="category/java/bestpractices.xml/JUnitAssertionsShouldIncludeMessage">
    <properties>
      <!-- The PMD check accepts only a string constant as the assertion message.
           This check uses a method call. -->
      <property name="violationSuppressXPath"
                value="//ClassDeclaration[@SimpleName='JavadocCatchCheck']
                           //MethodDeclaration[@Name='visitJavadocToken']"/>
    </properties>
  </rule>
  <rule ref="category/java/bestpractices.xml/AvoidStringBufferField">
    <!-- private final helper class with short lifetime,
         reused per file and always cleared on flush,
         so no risk of memory leak. 
    -->
    <properties>
      <property name="violationSuppressXPath"
                value="//ClassDeclaration[@SimpleName='TextAccumulator']
                     //FieldDeclaration//VariableDeclarator[@Name='buffer']"/>
    </properties>
  </rule>
  <rule ref="category/java/bestpractices.xml/SystemPrintln">
    <properties>
      <!-- it is ok to use println in CLI class. -->
      <property name="violationSuppressXPath"
                value="//ClassDeclaration
                       [@SimpleName='Main' or @SimpleName='Main$CliOptions'
                       or @SimpleName='JavadocPropertiesGenerator']"/>
    </properties>
  </rule>
  <rule ref="category/java/bestpractices.xml/LiteralsFirstInComparisons">
    <properties>
      <!-- until https://github.com/checkstyle/checkstyle/issues/14870 -->
      <property name="violationSuppressXPath" value="//ClassDeclaration[
        @SimpleName='XdocsUrlTest']//MethodDeclaration[@Name='characters' or @Name='endElement']"/>
    </properties>
  </rule>
  <rule ref="category/java/bestpractices.xml/LooseCoupling">
    <properties>
      <!-- until https://github.com/checkstyle/checkstyle/issues/14870 -->
      <property name="violationSuppressXPath"
                value="//ClassDeclaration[@SimpleName='CodeSelectorPresentationTest']
                     //FieldDeclaration//VariableDeclarator[@Name='linesToPosition']
                | //ClassDeclaration[@SimpleName='FileText']
                     //ConstructorDeclaration
                | //ClassDeclaration[@SimpleName='ArchUnitSuperClassTest']
                  //MethodDeclaration[@Name=
                  'testChecksShouldHaveAllowedAbstractClassAsSuperclass']
                | //ClassDeclaration[@SimpleName='ArchUnitTest']
                  //MethodDeclaration[@Name='nonProtectedCheckMethodsTest'
                      or @Name='testClassesInApiDoNotDependOnClassesInUtil']
               | //ClassDeclaration[@SimpleName='ImmutabilityTest']
                    //FieldDeclaration//VariableDeclarator[@Name='CHECKSTYLE_CHECKS']
               | //ClassDeclaration[@SimpleName='ImmutabilityTest']
                    //MethodDeclaration[@Name='testUtilClassesImmutability']"/>
    </properties>
  </rule>
  <rule ref="category/java/bestpractices.xml/UnnecessaryVarargsArrayCreation">
    <properties>
      <!-- until https://github.com/checkstyle/checkstyle/issues/14870 -->
      <property name="violationSuppressXPath"
                value="//ClassDeclaration[@SimpleName='CustomImportOrderCheckTest']
                    //MethodDeclaration[@Name='testGetFullImportIdent']"/>
    </properties>
  </rule>


  <rule ref="category/java/documentation.xml">
    <!-- too much false positives -->
    <exclude name="DanglingJavadoc"/>
    <!-- We use class comments as source for xdoc files,
         so content is big and that is by design. -->
    <exclude name="CommentSize"/>
  </rule>
  <rule ref="category/java/documentation.xml/CommentRequired">
    <properties>
      <!-- RequireThisCheck$AbstractFrame is a private class, no comment is required. -->
      <property name="violationSuppressXPath"
                value="//ClassDeclaration[@SimpleName='RequireThisCheck']"/>
    </properties>
  </rule>

  <rule ref="category/java/codestyle.xml">
    <!-- Opposite to UnnecessaryConstructor. -->
    <exclude name="AtLeastOneConstructor"/>
    <!-- Calling super() is completely pointless, no matter if class inherits anything or not;
         it is meaningful only if you do not call implicit constructor of the base class. -->
    <exclude name="CallSuperInConstructor"/>
    <!-- Pollutes code with modifiers. -->
    <exclude name="LocalVariableCouldBeFinal"/>
    <!-- Pollutes the code with modifiers. We use the ParameterAssignmentCheck to protect the
         parameters. -->
    <exclude name="MethodArgumentCouldBeFinal"/>
    <!-- It is possible only in functional languages and fanatically-pristine code, without
         additional option that are done at ReturnCountExtendedCheck it is not a good rule. -->
    <exclude name="OnlyOneReturn"/>
    <!-- it is not easily configurable we use our Check to cover our needs -->
    <exclude name="ShortVariable"/>
    <!-- huge amount of false positives from 6.18.0 -->
    <exclude name="UnnecessaryFullyQualifiedName"/>
  </rule>
  <rule ref="category/java/codestyle.xml/ClassNamingConventions">
    <properties>
      <property name="classPattern" value="[A-Z][a-zA-Z0-9]*" />
      <property name="abstractClassPattern" value="Abstract[A-Z][a-zA-Z0-9]*" />
      <property name="interfacePattern" value="[A-Z][a-zA-Z0-9]*" />
      <property name="enumPattern" value="[A-Z][a-zA-Z0-9]*" />
      <property name="annotationPattern" value="[A-Z][a-zA-Z0-9]*" />
      <property name="utilityClassPattern" value="[A-Z][a-zA-Z0-9]*Util" />
      <!-- Definitions and XmlLoader.LoadExternalDtdFeatureProvider aren't utility classes.
           AutomaticBean is part of API, we can not change a name.
           JavadocTokenTypes and TokenTypes aren't utility classes. They are
             token definition classes. Also, they are part of the API. -->
      <property name="violationSuppressXPath"
                value="//ClassDeclaration[@SimpleName='Definitions'
                           or @SimpleName='LoadExternalDtdFeatureProvider'
                           or @SimpleName='JavadocCommentsTokenTypes'
                           or @SimpleName='TokenTypes'
                           or @SimpleName='AutomaticBean']"/>
    </properties>
  </rule>
  <rule ref="category/java/codestyle.xml/ConfusingTernary">
    <properties>
      <!-- False positives on IF_ELSE-IF-ELSE-IF. -->
      <property name="violationSuppressXPath"
                value="//ClassDeclaration[@SimpleName='XMLLogger']
                           //MethodDeclaration[@Name='isReference']
      | //ClassDeclaration[@SimpleName='DetailAstImpl']
              //MethodDeclaration[@Name='addPreviousSibling']
      | //ClassDeclaration[@SimpleName='AnnotationLocationCheck']
              //MethodDeclaration[@Name='checkAnnotations']
      | //ClassDeclaration[@SimpleName='AbstractImportControl']
              //MethodDeclaration[@Name='checkAccess']
      | //ClassDeclaration[@SimpleName='HandlerFactory']
              //MethodDeclaration[@Name='getHandler']
      | //ClassDeclaration[@SimpleName='JavaAstVisitor']
              //MethodDeclaration[@Name='visitWildCardTypeArgument']"/>
    </properties>
  </rule>
  <rule ref="category/java/codestyle.xml/EmptyMethodInAbstractClassShouldBeAbstract">
    <properties>
      <!--
       Can not change the API.
       AbstractRootNode is what a root node is.
      -->
      <property name="violationSuppressXPath"
                value="//ClassDeclaration[@SimpleName='AbstractFileSetCheck'
        or @SimpleName='AbstractCheck' or @SimpleName='AbstractJavadocCheck'
        or @SimpleName='AbstractNode'
        or @SimpleName='AbstractViolationReporter']
        | //ClassDeclaration[@SimpleName='AbstractRootNode']
          //MethodDeclaration[@Name='getParent' or @Name='getDepth']"/>
    </properties>
  </rule>
  <rule ref="category/java/codestyle.xml/UseUnderscoresInNumericLiterals">
    <properties>
      <!-- Numbers up to 6 digits are easy to read without underscores. -->
      <property name="acceptableDecimalLength" value="6"/>
    </properties>
  </rule>
  <rule ref="category/java/codestyle.xml/LongVariable">
    <properties>
      <!-- Nothing bad with the long and descriptive variable names if only they fit the line,
           but still keep it reasonable. -->
      <property name="minimum" value="45"/>
    </properties>
  </rule>
  <rule ref="category/java/codestyle.xml/ShortClassName">
    <properties>
      <!-- Main is a good name for the class containing the main method.
           Tag as inner class name is fine. -->
      <property name="violationSuppressXPath"
                value="//ClassDeclaration[@SimpleName='Main' or @SimpleName='Tag']"/>
    </properties>
  </rule>
  <rule ref="category/java/codestyle.xml/CommentDefaultAccessModifier">
    <properties>
      <property name="ignoredAnnotations" value="" />
      <property name="regex" value="\/\*\s+(package)\s+\*\/" />
      <property name="checkTopLevelTypes" value="false" />
      <!-- until https://github.com/checkstyle/checkstyle/issues/14870 -->
      <property name="violationSuppressXPath"
                value="//ClassDeclaration[@SimpleName='Main']
                        //EnumDeclaration[@SimpleName='OutputFormat']"/>
    </properties>
  </rule>
  <rule ref="category/java/codestyle.xml/UnnecessaryBoxing">
    <properties>
      <!-- until https://github.com/checkstyle/checkstyle/issues/14870 -->
      <property name="violationSuppressXPath"
                value="//ClassDeclaration[@SimpleName='IntMatchFilterElement']
                        //MethodDeclaration[@Name='hashCode']"/>
    </properties>
  </rule>

  <rule ref="category/java/errorprone.xml">
    <!-- That rule is not practical, no options to allow some magic numbers,
         we will use our implementation. -->
    <exclude name="AvoidLiteralsInIfCondition"/>
    <!-- We need compare by ref as Tree structure is immutable, we can easily
         rely on refs. -->
    <exclude name="CompareObjectsWithEquals"/>
    <!-- This rule does not have any option, unreasonable to use. -->
    <exclude name="ImplicitSwitchFallThrough"/>
    <!-- We reuse Check instances between java files, we need to clear state of
         class in beginTree() methods. -->
    <exclude name="NullAssignment"/>
    <!-- We cannot change the class loader because it breaks the build.
         See https://github.com/checkstyle/checkstyle/issues/5680 for details. -->
    <exclude name="UseProperClassLoader"/>
    <!-- Demand for static modifier is not correct for library projects.
         It is valid only for application projects -->
    <exclude name="ProperLogger" />
    <!-- too much false positives -->
    <exclude name="AssignmentInOperand" />
  </rule>
  <rule ref="category/java/errorprone.xml/AvoidDuplicateLiterals">
    <properties>
      <!-- Annotations like '@SuppressWarnings' don't need to be checked, it is better to keep their
             strings connected to the annotation instead of separating. -->
      <property name="skipAnnotations" value="true"/>
      <!-- Keeping the duplicated strings maintains readability -->
      <property name="violationSuppressXPath"
                value="//ClassDeclaration[@SimpleName='SarifLogger']"/>
    </properties>
  </rule>
  <rule ref="category/java/errorprone.xml/EmptyCatchBlock">
    <properties>
      <property name="allowCommentedBlocks" value="true"/>
    </properties>
  </rule>
  <rule ref="category/java/errorprone.xml/DoNotTerminateVM">
    <properties>
      <!-- There is no alternative to using System.exit in the CLI class
           to report the return code. -->
      <!-- For MainTest.assertMainReturnCode
            until https://github.com/checkstyle/checkstyle/issues/14870 -->
      <property name="violationSuppressXPath"
                value="//ClassDeclaration[@SimpleName='ExitHelper']
                 | //ClassDeclaration[@SimpleName='MainTest']
                    //MethodDeclaration[@Name='assertMainReturnCode'] "/>
    </properties>
  </rule>
  <rule ref="category/java/errorprone.xml/ConstructorCallsOverridableMethod">
    <properties>
      <!-- until https://github.com/checkstyle/checkstyle/issues/14870 -->
      <property name="violationSuppressXPath"
                value="//ClassDeclaration[@SimpleName='MainFrame'
                                          or @SimpleName='OrderedPropertiesCheck'
                                          or @SimpleName='TranslationCheck'
                                          or @SimpleName='UniquePropertiesCheck'
                                          or @SimpleName='JavadocPackageCheck']
                        //ConstructorDeclaration"/>
    </properties>
  </rule>

  <rule ref="category/java/design.xml">
    <!-- We use our own CyclomaticComplexityCheck and count SWITCH in a special way. -->
    <exclude name="CyclomaticComplexity"/>
    <!-- Too much false-positives on the check classes.
         We do not follow the philosophy of complete encapsulation, we like data classes
         (preferable immutable) to transfer content from one part to another.
         There is no way to configure the rule (it has no properties). -->
    <exclude name="DataClass"/>
    <!-- Too many alarms on the check classes, we will never move logic out of the check,
         each check is an independent logic container. -->
    <exclude name="GodClass"/>
    <!-- Too many violations, will be suppressed until we find out how use these metrics. -->
    <exclude name="LawOfDemeter"/>
    <!-- We use our ImportControl to control imports in packages and classes. -->
    <exclude name="LoosePackageCoupling"/>
  </rule>
  <rule ref="category/java/design.xml/AvoidCatchingGenericException">
    <properties>
      <!-- Checker: There is no other way to deliver the filename that was under processing.
           See https://github.com/checkstyle/checkstyle/issues/2285
           TranslationCheck: It is better to catch all exceptions since it can throw
           a runtime exception.
           JavadocMethodCheck: Exception type is not predictable. -->
      <property name="violationSuppressXPath"
                value="//ClassDeclaration[@SimpleName='Checker']
                             //MethodDeclaration[@Name='processFiles']
                      | //ClassDeclaration[@SimpleName='TranslationCheck']
                             //MethodDeclaration[@Name='getTranslationKeys']
                      | //ClassDeclaration[@SimpleName='JavadocMethodCheck']
                             //MethodDeclaration[@Name='resolveClass']"/>
    </properties>
  </rule>
  <rule ref="category/java/design.xml/AvoidDeeplyNestedIfStmts">
    <properties>
      <!-- The default is 3, but we try to use single point of exit from the method and that
       requires some extra IFs. -->
      <property name="problemDepth" value="5"/>
      <property name="violationSuppressXPath"
                value="//ClassDeclaration[@SimpleName='ClassResolver']
                             //MethodDeclaration[@Name='resolve']"/>
    </properties>
  </rule>
  <rule ref="category/java/design.xml/AvoidThrowingRawExceptionTypes">
    <properties>
      <!-- There is no other way to deliver the filename that was under processing.
           See https://github.com/checkstyle/checkstyle/issues/2285 -->
      <property name="violationSuppressXPath"
                value="//ClassDeclaration[@SimpleName='Checker']
                             //MethodDeclaration[@Name='processFiles']"/>
    </properties>
  </rule>
  <rule ref="category/java/design.xml/CouplingBetweenObjects">
    <properties>
      <!-- I do not see any problem, looks like a false positive.
           SiteUtil is a utility class providing different functionality. -->
      <!-- For all Except SiteUtil and HandlerFactory
          until https://github.com/checkstyle/checkstyle/issues/14870 -->
      <property name="violationSuppressXPath"
                value="//ClassDeclaration[@SimpleName='HandlerFactory'
                or @SimpleName='SiteUtil' or @SimpleName='Checker' or @SimpleName='JavaAstVisitor'
                or @SimpleName='Main' or @SimpleName='TreeWalker' or @SimpleName='CheckstyleAntTask'
                or @SimpleName='TranslationCheck' or @SimpleName='JavadocMethodCheck'
                or @SimpleName='JavadocCommentsAstVisitor']"/>
    </properties>
  </rule>
  <rule ref="category/java/design.xml/NcssCount">
    <properties>
      <property name="methodReportLevel" value="32"/>
      <property name="classReportLevel" value="1000" />
      <!-- Main, PackageObjectFactory, RequireThisCheck, HandlerFactory,
             VariableDeclarationUsageDistanceCheck,
             are big and should not be split without a good reason.
           The methods visitToken/leaveToken are a big SWITCH block with a number of IF blocks.
             If we split the block to several methods it will damage the readability.
           XMLLogger.encode, SarifLogger.escape, FallThroughCheck.isTerminated,
             AbstractElementNode.iterateAxis,
             NoWhitespaceAfterCheck.getArrayDeclaratorPreviousElement
             are also huge switches, they had to be monolithic.
           SuppressFilterElement is a single constructor and can't be split easily
           Splitting PropertiesMacro.getDefaultValue will damage readability
           Splitting SiteUtil.getDefaultValue would not make it more readable -->
      <!-- *TokenTypes are special classes that are big due to a lot of description comments.
           RequireThisCheck has to work with and identify many frames.
           JavadocMethodCheck is in the process of being rewritten.
           SiteUtil provides a lot of functionality to generate documentation. -->
      <property name="violationSuppressXPath"
                value="//ClassDeclaration[@SimpleName='Main'
        or @SimpleName='PackageObjectFactory' or @SimpleName='RequireThisCheck'
        or @SimpleName='VariableDeclarationUsageDistanceCheck'
        or @SimpleName='HandlerFactory']
      | //ClassDeclaration[@SimpleName='XMLLogger']//MethodDeclaration[@Name='encode']
      | //ClassDeclaration[@SimpleName='SarifLogger']//MethodDeclaration[@Name='escape']
      | //ClassDeclaration[@SimpleName='LeftCurlyCheck'
        or @SimpleName='FinalLocalVariableCheck'
        or @SimpleName='NPathComplexityCheck'
        or @SimpleName='RedundantModifierCheck']
             //MethodDeclaration[@Name='visitToken']
      | //ClassDeclaration[@SimpleName='FallThroughCheck']
             //MethodDeclaration[@Name='isTerminated']
      | //ClassDeclaration[@SimpleName='ModifiedControlVariableCheck'
        or @SimpleName='NPathComplexityCheck']//MethodDeclaration[@Name='leaveToken']
      | //ClassDeclaration[@SimpleName='NoWhitespaceAfterCheck']
             //MethodDeclaration[@Name='getArrayDeclaratorPreviousElement']
      | //ClassDeclaration[@SimpleName='AbstractElementNode'
        or @SimpleName='AbstractRootNode']
             //MethodDeclaration[@Name='iterateAxis']
      | //ClassDeclaration[@SimpleName='SuppressFilterElement']
             //ConstructorDeclaration
      | //ClassDeclaration[@SimpleName='PropertiesMacro']
             //MethodDeclaration[@Name='getDefaultValue']
      | //ClassDeclaration[@SimpleName='SiteUtil']
               //MethodDeclaration[@Name='getDefaultValue']
      | //ClassDeclaration[@SimpleName='DescriptionExtractor']
               //MethodDeclaration[@Name='getDescriptionFromJavadoc']
      | //ClassDeclaration[@SimpleName='JavadocTokenTypes'
        or @SimpleName='TokenTypes' or @SimpleName='RequireThisCheck'
        or @SimpleName='JavadocMethodCheck' or @SimpleName='JavaAstVisitor'
        or @SimpleName='SiteUtil' or @SimpleName='JavadocCommentsAstVisitor']"/>
    </properties>
  </rule>
  <rule ref="category/java/design.xml/TooManyFields">
    <properties>
      <!-- Unable to split fields out of the class. -->
      <!-- Main has an annotated field for each command line option. This is by design. -->
      <property name="violationSuppressXPath"
                value="//ClassDeclaration[@SimpleName='Checker']
      | //ClassDeclaration[@SimpleName='Main']
      |  //ClassDeclaration[@SimpleName='ImportOrderCheck']"/>
    </properties>
  </rule>
  <rule ref="category/java/design.xml/TooManyMethods">
    <properties>
      <!-- Should match the property 'maxTotal' of `MethodCount` check. -->
      <property name="maxmethods" value="34"/>
      <!-- JavaAstVisitor is a visitor class with methods for the entire Java grammar. -->
      <property name="violationSuppressXPath"
                value="//ClassDeclaration[@SimpleName='JavaAstVisitor' 
                    or @SimpleName='SiteUtil' or @SimpleName='JavadocCommentsAstVisitor']"/>
    </properties>
  </rule>
  <rule ref="category/java/design.xml/ExcessiveParameterList">
    <properties>
      <!-- The class Violation has a constructor with many parameters by design. -->
      <property name="violationSuppressXPath"
                value="//ClassDeclaration[@SimpleName='Violation']"/>
    </properties>
  </rule>
  <rule ref="category/java/design.xml/ExcessiveImports">
    <properties>
      <!-- Main actively uses Checkstyle, logging and command line parsing API.
           Checker collects external resource locations and sets up the configuration.
           CheckstyleAntTask integrates Checkstyle with Ant.
           TranslationCheck uses a lot of imports for it's logic and custom violations.
           SiteUtil uses a lot of imports to provide logic for generating documentation.
           MetadataGeneratorUtil uses a lot of imports to provide logic for generating data.
            -->
      <property name="violationSuppressXPath"
                value="//ClassDeclaration[@SimpleName='Main'
        or @SimpleName='Checker' or @SimpleName='CheckstyleAntTask'
        or @SimpleName='TranslationCheck'
        or @SimpleName='AbstractAutomaticBean'
        or @SimpleName='SiteUtil'
        or @SimpleName='MetadataGeneratorUtil']"/>
    </properties>
  </rule>
  <rule ref="category/java/design.xml/CognitiveComplexity">
    <properties>
      <property name="reportLevel" value="22"/>
      <!-- Till https://github.com/checkstyle/checkstyle/issues/10064
           Splitting SiteUtil's methods will damage readability -->
      <property name="violationSuppressXPath"
                value="//ClassDeclaration[@SimpleName='XdocsPagesTest']
                    //MethodDeclaration[@Name='getModulePropertyExpectedValue']
                    |  //ClassDeclaration[@SimpleName='SiteUtil']
                    //MethodDeclaration[@Name='getDefaultValue']
                    |  //ClassDeclaration[@SimpleName='DescriptionExtractor']
                    //MethodDeclaration[@Name='getDescriptionFromJavadoc']"/>
    </properties>
  </rule>
  <rule ref="category/java/design.xml/ClassWithOnlyPrivateConstructorsShouldBeFinal">
    <properties>
       <!-- until https://github.com/checkstyle/checkstyle/issues/14870 -->
      <property name="violationSuppressXPath"
                value="//ClassDeclaration[@SimpleName='AbstractInvalidClass']"/>
    </properties>
  </rule>

  <rule ref="category/java/multithreading.xml">
    <!-- Checkstyle is not thread safe till https://github.com/checkstyle/checkstyle/projects/5. -->
    <exclude name="UseConcurrentHashMap"/>
  </rule>
  <rule ref="category/java/multithreading.xml/AvoidSynchronizedAtMethodLevel">
    <properties>
      <!-- UniqueProperties#put and OrderedProperties#keys
      overloads a synchronized method, so it should have synchronized
      modifier. -->
      <property name="violationSuppressXPath"
                value="//ClassDeclaration[@SimpleName='UniqueProperties'
          or @SimpleName='SequencedProperties']//MethodDeclaration[@Name='keys' or @Name='put']"/>
    </properties>
  </rule>

  <rule ref="category/java/performance.xml">
    <!-- Produces more false positives than real problems. -->
    <exclude name="AvoidInstantiatingObjectsInLoops"/>
    <!-- Not configurable, decreases readability. -->
    <exclude name="UseStringBufferForStringAppends"/>
  </rule>

  <rule ref="category/java/performance.xml/ConsecutiveAppendsShouldReuse">
    <properties>
      <!-- until https://github.com/checkstyle/checkstyle/issues/14870 -->
      <property name="violationSuppressXPath"
                value="//ClassDeclaration[@SimpleName='XMLLogger']
                        //MethodDeclaration[@Name='encode']
                | //ClassDeclaration[@SimpleName='InlineTagUtil']
                      //MethodDeclaration[@Name='convertLinesToString']
                | //ClassDeclaration[@SimpleName='XdocsPagesTest']
                      //MethodDeclaration[@Name='validateViolationSection']
                | //ClassDeclaration[@SimpleName='XdocsJavaDocsTest']
                     //MethodDeclaration[@Name='createPropertiesText'
                        or @Name='appendNodeText' or @Name='getAttributeText']"/>
    </properties>
  </rule>
  <rule ref="category/java/performance.xml/UseArraysAsList">
    <properties>
      <!-- until https://github.com/checkstyle/checkstyle/issues/14870 -->
      <property name="violationSuppressXPath"
                value="//ClassDeclaration[@SimpleName='DescriptionExtractor']
                        //MethodDeclaration[@Name='getDescriptionNodes']
                | //ClassDeclaration[@SimpleName='SiteUtil']
                        //MethodDeclaration[@Name='getFirstJavadocParagraphNodes"/>
    </properties>
  </rule>

  <rule ref="category/java/design.xml/ExcessivePublicCount">
    <properties>
      <property name="violationSuppressXPath"
                value="//ClassDeclaration[@SimpleName='JavaAstVisitor' 
                    or @SimpleName='JavadocCommentsAstVisitor']"/>
    </properties>
  </rule>

  <rule ref="category/java/design.xml/NPathComplexity">
    <properties>
      <property name="violationSuppressXPath"
                value="//ClassDeclaration[@SimpleName='DescriptionExtractor']
                      //MethodDeclaration[@Name='getDescriptionFromJavadoc']
                      | //ClassDeclaration[@SimpleName='SiteUtil']
                      //MethodDeclaration[@Name='getDescriptionFromJavadocForXdoc']"/>
    </properties>
  </rule>

  <!-- Need to override method to display property's specific version. -->
  <rule ref="category/java/design.xml/UselessOverridingMethod">
    <properties>
      <property name="violationSuppressXPath"
                value="//ClassDeclaration[@SimpleName='MissingDeprecatedCheck']
                      //MethodDeclaration[@Name='setViolateExecutionOnNonTightHtml']
                      || //ClassDeclaration[@SimpleName='LineLengthCheck']
                      //MethodDeclaration[@Name='setFileExtensions']
                      || //ClassDeclaration[@SimpleName='NonEmptyAtclauseDescriptionCheck']
                      //MethodDeclaration[@Name='setJavadocTokens']
                      || //ClassDeclaration[@SimpleName='ConstantNameCheck']
                      //MethodDeclaration[@Name='setApplyToPackage'
                                            or @Name='setApplyToPrivate'
                                            or @Name='setApplyToProtected'
                                            or @Name='setApplyToPublic']
                      || //ClassDeclaration[@SimpleName='StaticVariableNameCheck']
                      //MethodDeclaration[@Name='setApplyToPackage'
                                            or @Name='setApplyToPrivate'
                                            or @Name='setApplyToProtected'
                                            or @Name='setApplyToPublic']
                      || //ClassDeclaration[@SimpleName='TypeNameCheck']
                      //MethodDeclaration[@Name='setApplyToPackage'
                                            or @Name='setApplyToPrivate'
                                            or @Name='setApplyToProtected'
                                            or @Name='setApplyToPublic']
                      || //ClassDeclaration[@SimpleName='MemberNameCheck']
                      //MethodDeclaration[@Name='setApplyToPackage'
                                            or @Name='setApplyToPrivate'
                                            or @Name='setApplyToProtected'
                                            or @Name='setApplyToPublic']
                      || //ClassDeclaration[@SimpleName='MethodNameCheck']
                      //MethodDeclaration[@Name='setApplyToPackage'
                                            or @Name='setApplyToPrivate'
                                            or @Name='setApplyToProtected'
                                            or @Name='setApplyToPublic']
                      || //ClassDeclaration[@SimpleName='ClassDataAbstractionCouplingCheck']
                      //MethodDeclaration[@Name='setExcludeClassesRegexps'
                                            or @Name='setExcludedClasses'
                                            or @Name='setExcludedPackages']
                      || //ClassDeclaration[@SimpleName='ClassFanOutComplexityCheck']
                      //MethodDeclaration[@Name='setExcludeClassesRegexps'
                                            or @Name='setExcludedClasses'
                                            or @Name='setExcludedPackages']"/>
    </properties>
  </rule>
</ruleset>
